"","DrugBank ID","Accession Numbers","Common name","Name","CAS","UNII","Synonyms","Standard InChI Key"
"1","DB00131","EXPT00512 | NUTR00011","Adenosine phosphate","adenosine phosphate","61-19-8","415SHH325A","5'-Adenosine monophosphate | 5'-Adenylic acid | 5'-AMP | 5'-O-Phosphonoadenosine | Adenosine 5'-(dihydrogen phosphate) | Adenosine 5'-monophosphate | Adenosine 5'-phosphate | Adenosine monophosphate | Adenosine phosphate | Adenosine-5'-Monophosphate | Adenosine-5'-monophosphoric acid | Adenosine-5'P | Adenosini phosphas | Adenylate | Adenylic acid | Ado5'P | AMP | Fosfato de adenosina | PAdo | Phosphate d'adénosine","UDMBCSSLTHHNCD-KQYNXXCUSA-N"
"2","DB00176","APRD00425","Fluvoxamine","fluvoxamine","54739-18-3","O4L1XPO44W","Fluvoxamina | Fluvoxamine | Fluvoxaminum","CJOFXWAVKWHTFT-XSFVSMFZSA-N"
"3","DB00188","APRD00828 | DB07475","Bortezomib","bortezomib","179324-69-7","69G8BD63PP","[(1R)-3-methyl-1-({(2S)-3-phenyl-2-[(pyrazin-2-ylcarbonyl)amino]propanoyl}amino)butyl]boronic acid | Bortezomib | N-[(1R)-1-(DIHYDROXYBORYL)-3-methylbutyl]-N-(pyrazin-2-ylcarbonyl)-L-phenylalaninamide","GXJABQQUPOEUTA-RDJZCZTQSA-N"
"4","DB00208","APRD01257","Ticlopidine","ticlopidine","55142-85-3","OM90ZUW7M1","Ticlopidina | Ticlopidine | Ticlopidinum","PHWBOXQYWZNQIN-UHFFFAOYSA-N"
"5","DB00211","APRD01116","Midodrine","midodrine","42794-76-3","6YE7PBM15H","(±)-2-amino-N-(β-hydroxy-2,5-dimethoxyphenethyl)acetamide | 1-(2',5'-Dimethoxyphenyl)-2-glycinamidoethanol | 2-Amino-N-(2,5-dimethoxy-beta-hydroxyphenethyl)acetamide | DL-N1-(beta-Hydroxy-2,5-dimethoxyphenethyl)glycinamid | Midodrin | Midodrina | Midodrine | Midodrinum","PTKSEFOSCHHMPD-UHFFFAOYSA-N"
"6","DB00215","APRD00147","Citalopram","citalopram","59729-33-8","0DHU5B8D6V","Citalopram | Citalopramum | Nitalapram","WSEQXVZVJXJVFP-UHFFFAOYSA-N"
"7","DB00245","APRD00748","Benzatropine","benzatropine","86-13-5","1NHL2J4X8K","3-alpha-(diphenylmethoxy)tropane | 3endo-benzhydryloxytropane | 3α-(diphenylmethoxy)-1αH,5αH-tropane | 3α-(diphenylmethoxy)tropane | 3α-benzhydryloxy-8-methyl-8-azabicyclo[3.2.1]octane | Benzatropina | Benzatropine | Benzatropinum | benzhydryl 8-methyl-8-azabicyclo[3.2.1]oct-3-yl ether | Benztropine | Tropine benzohydryl ether","GIJXKZJWITVLHI-PMOLBWCYSA-N"
"8","DB00247","APRD00463","Methysergide","methysergide","361-37-5","XZA9HY6Z98","(+)-9,10-Didehydro-N-(1-(hydroxymethyl)propyl)-1,6-dimethylergoline-8β-carboxamide | (+)-N-(1-(Hydroxymethyl)propyl)-1-methyl-D-lysergamide | 1-Methyl-D-lysergic acid butanolamide | 1-Methyl-dextro-lysergic acid (+)-1-hydroxy-2-butylamide | 1-Methyllysergic acid butanolamide | 1-Methylmethylergonovine | 9,10-Didehydro-N-(1-(hydroxymethyl)propyl)-1,6-dimethylergoline-8-carboxamide | Méthysergide | Methysergide | Methysergidum | Metisergida | Metisergido | N-(1-(Hydroxymethyl)propyl)-1-methyl-dextro-(+)-lysergamide","KPJZHOPZRAFDTN-NQUBZZJWSA-N"
"9","DB00251","APRD00659","Terconazole","terconazole","67915-31-5","0KJ2VE664U","Terconazole","BLSQLHNBWJLIBQ-OZXSUGGESA-N"
"10","DB00283","APRD00875","Clemastine","clemastine","15686-51-8","95QN29S1ID","(+)-(2R)-2-(2-(((R)-p-chloro-α-methyl-α-phenylbenzyl)oxy)ethyl)-1-methylpyrrolidine | (+)-(2R)-2-[2-[[(R)-p-chloro-α-methyl-α-phenylbenzyl]oxy]ethyl]-1-methylpyrrolidine | Clemastina | Clemastine | Clemastinum","YNNUSGIPVFPVBX-NHCUHLMSSA-N"
"11","DB00291","APRD00115","Chlorambucil","chlorambucil","305-03-3","18D0SL7309","4-(p-bis(beta-chloroethyl)aminophenyl)butyric acid | 4-(p-bis(β-chloroethyl)aminophenyl)butyric acid | 4-[p-[bis(2-chloroethyl)amino]phenyl]butyric acid | Ambochlorin | Chlorambucil | Chloraminophen | Clorambucilo | gamma-[p-di(2-chloroethyl)aminophenyl]butyric acid | N,N-di-2-chloroethyl-gamma-p-aminophenylbutyric acid | N,N-di-2-chloroethyl-γ-p-aminophenylbutyric acid | Phenylbutyric acid nitrogen mustard | γ-[p-di(2-chloroethyl)aminophenyl]butyric acid","JCKYGMPEJWAADB-UHFFFAOYSA-N"
"12","DB00307","APRD00114","Bexarotene","bexarotene","153559-49-0","A61RXM4375","4-[1-(3,5,5,8,8-pentamethyltetralin-2-yl)ethenyl]benzoic acid | 4-[1-(5,6,7,8,-Tetrahydro-3,5,5,8,8-pentamethyl-2-naphtalenyl)ethenyl]benzoic acid | Bexaroten | Bexarotène | Bexarotene | Bexaroteno | Bexarotenum | p-(1-(5,6,7,8-Tetrahydro-3,5,5,8,8-pentamethyl-2-naphthyl)vinyl)benzoic acid","NAVMQTYZDKMPEU-UHFFFAOYSA-N"
"13","DB00313","APRD00066 | APRD00256 | DB00510","Valproic acid","valproic acid","99-66-1","614OI1Z5WI","2-n-propyl-n-valeric acid | 2-propyl-pentanoic acid | 2-Propylpentanoic Acid | 2-Propylvaleric Acid | 4-heptanecarboxylic acid | acide valproïque | ácido valproico | acidum valproicum | di-n-propylacetic acid | Di-n-propylessigsäure | Dipropylacetic acid | DPA | n-DPA | Valproate | Valproic acid | Valproinsäure | VPA","NIJJYAXOARWZEE-UHFFFAOYSA-N"
"14","DB00317","APRD00997 | DB07998","Gefitinib","gefitinib","184475-35-2","S65743JHBS","4-(3'-chloro-4'-fluoroanilino)-7-methoxy-6-(3-morpholinopropoxy)quinazoline | Gefitinib | N-(3-chloro-4-fluorophenyl)-7-methoxy-6-(3-(4-morpholinyl)propoxy)-4-quinazolinamine","XGALLCVXEZPNRQ-UHFFFAOYSA-N"
"15","DB00321","APRD00227","Amitriptyline","amitriptyline","50-48-6","1806D8D52K","10,11-dihydro-5-(γ-dimethylaminopropylidene)-5H-dibenzo(a,d)cycloheptene | 10,11-dihydro-N,N-dimethyl-5H-dibenzo(a,d)heptalene-Δ5,γ-propylamine | 3-(10,11-dihydro-5H-dibenzo(a,d)cyclohepten-5-ylidene)-N,N-dimethyl-1-propanamine | 3-(10,11-dihydro-5H-dibenzo[a,d]cyclohepten-5-ylidene)-N,N-dimethylpropan-1-amine | 5-(3-dimethylaminopropylidene)-10,11-dihydro-5H-dibenzo(a,d)cycloheptatriene | 5-(3-dimethylaminopropylidene)-10,11-dihydro-5H-dibenzo(a,d)cycloheptene | 5-(γ-dimethylaminopropylidene)-5H-dibenzo[a,d][1,4]cycloheptadiene | Amitriptilina | Amitriptylin | Amitriptyline | Amitriptylinum","KRMDCWKBEZIMAB-UHFFFAOYSA-N"
"16","DB00323","APRD00445","Tolcapone","tolcapone","134308-13-7","CIF6334OLY","(3,4-dihydroxy-5-nitrophenyl)(4-methylphenyl)methanone | 3,4-dihydroxy-4'-methyl-5-nitrobenzophenone | 3,4-dihydroxy-5-nitro-4'-methylbenzophenone | 4'-methyl-3,4-dihydroxy-5-nitrobenzophenone | Tolcapon | Tolcapona | Tolcapone | Tolcaponum","MIQPIUSUKVNLNT-UHFFFAOYSA-N"
"17","DB00372","APRD00323","Thiethylperazine","thiethylperazine","1420-55-9","8ETK1WAF6R","2-(ethylthio)-10-[3-(4-methylpiperazin-1-yl)propyl]-10H-phenothiazine | Norzine | Thiethylperazin | Thiéthylpérazine | Thiethylperazine | Thiethylperazinum | Tietilperazina","XCTYLCDETUVOIP-UHFFFAOYSA-N"
"18","DB00376","APRD00070","Trihexyphenidyl","trihexyphenidyl","144-11-6","6RC5V8B7PO","Trihexifenidilo | Trihexyphenidyl | Trihexyphénidyle | Trihexyphenidylum","HWHLPVGTWGOCJO-UHFFFAOYSA-N"
"19","DB00390","APRD00098","Digoxin","digoxin","20830-75-5","73K4184T59","12β-hydroxydigitoxin | Digossina | Digoxin | Digoxina | Digoxine | Digoxinum","LTMHDMANZUZIPE-PUGKRICDSA-N"
"20","DB00396","APRD00700","Progesterone","progesterone","57-83-0","4G7DS2Q64Y","(S)-4-Pregnene-3,20-dione | (S)-Pregn-4-en-3,20-dione | (S)-Progesterone | 17alpha-Progesterone | 17α-progesterone | 4-Pregnene-3,20-dione | Agolutin | Akrolutin | Corpus Luteum Hormone | delta(4)-Pregnene-3,20-dione | Gelbkörperhormon | Luteohormone | Lutogynon | Pregn-4-ene-3,20-dione | Progesteron | Progesterona | Progestérone | Progesterone | Progesteronum","RJKFOVLPORLFTN-LEKSSAKUSA-N"
"21","DB00398","APRD01304 | DB07438","Sorafenib","sorafenib","284461-73-0","9ZOQ3TZI87","4-(4-((((4-Chloro-3-(trifluoromethyl)phenyl)amino)carbonyl)amino)phenoxy)-N-methyl-2-pyridinecarboxamide | N-(4-Chloro-3-(trifluoromethyl)phenyl)-N'-(4-(2-(N-methylcarbamoyl)-4-pyridyloxy)phenyl)urea | Sorafénib | Sorafenib | Sorafenibum","MLDQJTXFUGDVEO-UHFFFAOYSA-N"
"22","DB00409","APRD00316","Remoxipride","remoxipride","80125-14-0","0223RD59PE","Remoxiprida | Remoxipride | Remoxipridum","GUJRSXAPGDDABA-NSHDSACASA-N"
"23","DB00420","APRD00358","Promazine","promazine","58-40-2","O9M39HTM5W","10-(3-(Dimethylamino)propyl)phenothiazine | N-(3-Dimethylaminopropyl)phenothiazine | N-Dimethylamino-1-methylethyl thiodiphenylamine | N,N-dimethyl-3-(10H-phenothiazin-10-yl)-propan-1-amine | Promazin | Promazina | Promazine | Promazinum","ZGUGWUXLJSTTMA-UHFFFAOYSA-N"
"24","DB00433","APRD00624","Prochlorperazine","prochlorperazine","58-38-8","YHP6YLT61T","2-Chloro-10-(3-(1-methyl-4-piperazinyl)propyl)-phenothiazine | 2-Chloro-10-(3-(4-methyl-1-piperazinyl)propyl)phenothiazine | 3-Chloro-10-(3-(1-methyl-4-piperazinyl)propyl)phenothiazine | 3-Chloro-10-(3-(4-methyl-1-piperazinyl)propyl)phenothiazine | Capazine | Chlormeprazine | Chloro-3 (N-methylpiperazinyl-3 propyl)-10 phenothiazine | Chloropernazine | N-(gamma-(4'-Methylpiperazinyl-1')propyl)-3-chlorophenothiazine | Prochlorperazin | Prochlorpérazine | Prochlorperazine | Prochlorperazinum | Prochlorpermazine | Prochlorpromazine | Procloperazine | Proclorperazina","WIKYUJGCLQQFNW-UHFFFAOYSA-N"
"25","DB00458","APRD00672 | DB08002","Imipramine","imipramine","50-49-7","OGG85SX4E4","10,11-dihydro-N,N-dimethyl-5H-dibenz[b,f]azepine-5-propanamine | 5-[3-(dimethylamino)propyl]-10,11-dihydro-5H-dibenz[b,f]azepine | Imipramin | Imipramina | Imipramine | Imipraminum | Imizine | N-(gamma-Dimethylaminopropyl)iminodibenzyl | N-(γ-dimethylaminopropyl)iminodibenzyl","BCGWQEUPMDMJNV-UHFFFAOYSA-N"
"26","DB00472","APRD00530","Fluoxetine","fluoxetine","54910-89-3","01K63SUP8D","(+-)-N-Methyl-3-phenyl-3-((alpha,alpha,alpha-trifluoro-P-tolyl)oxy)propylamine | (+-)-N-Methyl-gamma-(4-(trifluoromethyl)phenoxy)benzenepropanamine | Fluoxetin | Fluoxetina | Fluoxetine | Fluoxétine | Fluoxetinum","RTHCYVBBDHJXIQ-UHFFFAOYSA-N"
"27","DB00477","APRD00482","Chlorpromazine","chlorpromazine","50-53-3","U42B7VYA4P","3-(2-chloro-10H-phenothiazin-10-yl)-N,N-dimethyl-1-propanamine | 3-(2-chlorophenothiazin-10-yl)-N,N-dimethyl-propan-1-amine | Chlorpromazine | Chlorpromazinum | Clorpromazina | CPZ | N-(3-dimethylaminopropyl)-3-chlorophenothiazine","ZPEIMTDSQAKGNT-UHFFFAOYSA-N"
"28","DB00481","APRD00400","Raloxifene","raloxifene","84449-90-1","YX9162EO3I","(2-(4-Hydroxyphenyl)-6-hydroxybenzo(b)thien-3-yl)(4-(2-(1-piperidinyl)ethoxy)phenyl)methanone | Raloxifène | Raloxifene | Raloxifeno | Raloxifenum","GZUITABIAKMVPG-UHFFFAOYSA-N"
"29","DB00490","APRD00222","Buspirone","buspirone","36505-84-7","TK65WKS8HL","8-(4-(4-(2-Pyrimidinyl)-1-piperizinyl)butyl)-8-azaspiro(4,5)decane-7,9-dione | Buspiron | Buspirona | Buspirone | Buspironum","QWCRAEMEVRGPNT-UHFFFAOYSA-N"
"30","DB00494","APRD00416","Entacapone","entacapone","130929-57-6","4975G9NM6T","(E)-alpha-Cyano-N,N-diethyl-3,4-dihydroxy-5-nitrocinnamamide | Entacapona | Entacapone | Entacaponum | N,N-diethyl-2-cyano-3-(3,4-dihydroxy-5-nitrophenyl) acrylamide","JRURYQJSLYLRLN-BJMVGYQFSA-N"
"31","DB00502","APRD00538","Haloperidol","haloperidol","52-86-8","J6292F8L3D","1-(3-p-fluorobenzoylpropyl)-4-p-chlorophenyl-4-hydroxypiperidine | 4-(4-(para-chlorophenyl)-4-hydroxypiperidino)-4'-fluorobutyrophenone | 4-[4-(4-chlorophenyl)-4-hydroxy-1-piperidyl]-1-(4-fluorophenyl)-butan-1-one | 4'-fluoro-4-(4-(p-chlorophenyl)-4-hydroxypiperidinyl)butyrophenone | 4'-fluoro-4-(4-hydroxy-4-(4'-chlorophenyl)piperidino)butyrophenone | Haloperidol | Haloperidolum | γ-(4-(p-chlorophenyl)-4-hydroxpiperidino)-p-fluorbutyrophenone","LNEPOXFFQSENCJ-UHFFFAOYSA-N"
"32","DB00523","APRD00017","Alitretinoin","alitretinoin","3/8/00","1UA8E65KDZ","(2E,4E,6Z,8E)-3,7-dimethyl-9-(2,6,6-trimethyl-1-cyclohexen-1-yl)-2,4,6,8-nonatetraenoic acid | (7E,9Z,11E,13E)-retinoic acid | 9-cis-retinoic acid | 9-cis-Tretinoin | 9(Z)-Retinoic acid | Alitretinoin | Alitretinoína | Alitrétinoïne | Alitretinoinum","SHGAZHPCJJPHSC-ZVCIMWCZSA-N"
"33","DB00530","APRD00951","Erlotinib","erlotinib","183321-74-6","J4T82NDH7E","[6,7-Bis-(2-methoxy-ethoxy)-quinazolin-4-yl]-(3-ethynyl-phenyl)-amine | Erlotinib","AAKJLRGGTJKAMG-UHFFFAOYSA-N"
"34","DB00568","APRD00332","Cinnarizine","cinnarizine","298-57-7","3DI2E1X18L","1-(Diphenylmethyl)-4-(3-phenyl-2-propenyl)piperazine | 1-Benzhydryl-4-cinnamylpiperazin | 1-Cinnamyl-4-(diphenylmethyl)piperazine | Cinarizina | Cinnarizine | Cinnarizinum","DERZBLKQOCDDDZ-JLHYYAGUSA-N"
"35","DB00570","APRD00708","Vinblastine","vinblastine","865-21-4","5V9KLZ54CY","Vinblastin | Vinblastina | Vinblastine | Vinblastinum | Vincaleukoblastine","JXLYSJRDGCGARV-CFWMRBGOSA-N"
"36","DB00579","APRD01085","Mazindol","mazindol","22232-71-9","C56709M5NH","Mazindol | Mazindolo | Mazindolum","ZPXSCAKFGYXMGA-UHFFFAOYSA-N"
"37","DB00598","APRD01062","Labetalol","labetalol","36894-69-6","R5H8897N95","3-Carboxamido-4-hydroxy-alpha-((1-methyl-3-phenylpropylamino)methyl)benzyl alcohol | 5-(1-Hydroxy-2-(1-methyl-3-phenylpropylamino)ethyl)salicylamide | Labétalol | Labetalol | Labetalolum | Labetolol","SGUAFYQXFOLMHL-UHFFFAOYSA-N"
"38","DB00604","APRD00454","Cisapride","cisapride","81098-60-4","UVL329170W","Cisaprid | Cisaprida | Cisapride | Cisapridum","DCSUBABJRXZOMT-IRLDBZIGSA-N"
"39","DB00623","APRD00633","Fluphenazine","fluphenazine","69-23-8","S79426A41Z","1-(2-hydroxyethyl)-4-(3-(trifluoromethyl-10-phenothiazinyl)propyl)-piperazine | 10-(3-(2-hydroxyethyl)piperazinopropyl)-2-(trifluoromethyl)phenothiazine | 10-(3'-(4''-(β-hydroxyethyl)-1''-piperazinyl)-propyl)-3-trifluoromethylphenothiazine | 2-(4-(3-[2-(trifluoromethyl)-10H-phenothiazin-10-yl]propyl)-1-piperazinyl)ethanol | 2-(trifluoromethyl)-10-(3-(1-(β-hydroxyethyl)-4-piperazinyl)propyl)phenothiazine | 4-(3-(-trifluoromethyl-10-phenothiazyl)-propyl)-1-piperazineethanol | 4-(3-(2-(trifluoromethyl)-10H-phenothiazin-10-yl)propyl)-1-piperazineethanol | 4-(3-(2-trifluoromethyl-10-phenothiazyl)-propyl)-1-piperazineethanol | Flufenazina | Fluorfenazine | Fluorophenazine | Fluorphenazine | Fluphenazin | Fluphénazine | Fluphenazine | Fluphenazinum | Triflumethazine","PLDUPXSUYLZYBN-UHFFFAOYSA-N"
"40","DB00637","APRD00585","Astemizole","astemizole","68844-77-9","7HU6337315","1-(p-Fluorobenzyl)-2-((1-(2-(p-methoxyphenyl)ethyl)piperid-4-yl)amino)benzimidazole | 1-(p-Fluorobenzyl)-2-((1-(p-methoxyphenethyl)-4-piperidyl)amino)benzimidazole | Astemizol | Astémizole | Astemizole | Astemizolum","GXDALQBWZGODGZ-UHFFFAOYSA-N"
"41","DB00652","APRD01173","Pentazocine","pentazocine","359-83-1","768DQ5A5AI","Pentazocin | Pentazocina | Pentazocine | Pentazocinum","VOKSWYLNZZRQPF-GDIGMMSISA-N"
"42","DB00656","APRD00533","Trazodone","trazodone","19794-93-5","YBK48BXK30","2-(3-[4-(3-chlorophenyl)-1-piperazinyl]propyl)[1,2,4]triazolo[4,3-a]pyridin-3(2H)-one | Trazodona | Trazodone | Trazodonum","PHLBKPHSAVXXEF-UHFFFAOYSA-N"
"43","DB00675","APRD00123","Tamoxifen","tamoxifen","10540-29-1","094ZI81Y45","(Z)-2-(4-(1,2-Diphenyl-1-butenyl)phenoxy)-N,N-dimethylethanamine | (Z)-2-(para-(1,2-Diphenyl-1-butenyl)phenoxy)-N,N-dimethylamine | 1-p-beta-Dimethylaminoethoxyphenyl-trans-1,2-diphenylbut-1-ene | 1-para-beta-Dimethylaminoethoxyphenyl-trans-1,2-diphenylbut-1-ene | Tamoxifen | Tamoxifène | Tamoxifene | Tamoxifeno | Tamoxifenum | trans-Tamoxifen","NKANXQFJJICGDU-QPLCGJKRSA-N"
"44","DB00679","APRD00596","Thioridazine","thioridazine","50-52-2","N3D6TG58NI","10-[2-(1-methyl-2-piperidyl)ethyl]-2-methylsulfanyl-phenothiazine | 2-Methylmercapto-10-(2-(N-methyl-2-piperidyl)ethyl)phenothiazine | 3-Methylmercapto-N-(2'-(N-methyl-2-piperidyl)ethyl)phenothiazine | Thioridazin | Thioridazine | Thioridazinum | Tioridazina","KLBQZWRITKRQQV-UHFFFAOYSA-N"
"45","DB00688","APRD01602","Mycophenolate mofetil","mycophenolate mofetil","128794-94-5","9242ECW6R0","2-morpholinoethyl (E)-6-(4-hydroxy-6-methoxy-7-methyl-3-oxo-5-phthalanyl)-4-methyl-4-hexenoate | Mycophenolate mofetil | Mycophenolic acid morpholinoethyl ester","RTGDFNSFWBGLEC-SYZQJQIISA-N"
"46","DB00692","APRD00615","Phentolamine","phentolamine","50-60-2","Z468598HBV","2-(N-(m-hydroxyphenyl)-p-toluidinomethyl)imidazoline | Fentolamina | Phentolamin | Phentolamine | Phentolaminum","MRBDMNSDAVCSSF-UHFFFAOYSA-N"
"47","DB00735","APRD01131","Naftifine","naftifine","65472-88-0","4FB1TON47A","Naftifin | Naftifina | Naftifine | Naftifinum","OZGNYLLQHRPOBR-DHZHZOJOSA-N"
"48","DB00755","APRD00362 | NUTR00051","Tretinoin","tretinoin","302-79-4","5688UTC01R","(all-E)-3,7-Dimethyl-9-(2,6,6-trimethyl-1-cyclohexen-1-yl)-2,4,6,8-nonatetraenoic acid | 3,7-Dimethyl-9-(2,6,6-trimethyl-1-cyclohexene-1-yl)-2,4,6,8-nonatetraenoic acid (ECL) | Acide retinoique | all trans Retinoic acid | all trans-Retinoic acid | all-(E)-Retinoic acid | all-trans-beta-Retinoic acid | all-trans-Retinoic acid | all-trans-Tretinoin | all-trans-Vitamin A acid | all-trans-Vitamin A1 acid | ATRA | beta-Retinoic acid | Retinoic acid | Retionic acid | trans-Retinoic acid | Tretin M | Tretinoin | Tretinoina | Trétinoïne | Tretinoinum | Vitamin A acid","SHGAZHPCJJPHSC-YCNIQYBTSA-N"
"49","DB00756","APRD00722","Hexachlorophene","hexachlorophene","70-30-4","IWW5FV6NK2","2,2'-dihydroxy-3,3',5,5',6,6'-hexachlorodiphenylmethane | 2,2'-dihydroxy-3,5,6,3',5',6'-hexachlorodiphenylmethane | 2,2'-methanediylbis(3,4,6-trichlorophenol) | 2,2'-methylenebis(3,4,6-trichlorophenol) | 2,2',3,3',5,5'-hexachloro-6,6'-dihydroxydiphenylmethane | bis(2-hydroxy-3,5,6-trichlorophenyl)methane | bis(3,5,6-trichloro-2-hydroxyphenyl)methane | hexachlorophène | Hexachlorophene | Hexachlorophenum | Hexaclorofeno","ACGUYXCXAPNIKK-UHFFFAOYSA-N"
"50","DB00807","APRD00522","Proparacaine","proparacaine","499-67-2","B4OB0JHI1X","Proximetacaina | Proxymetacaine | Proxymetacainum","KCLANYCVBBTKTO-UHFFFAOYSA-N"
"51","DB00831","APRD00173 | DB08616","Trifluoperazine","trifluoperazine","117-89-5","214IZI85K3","10-[3-(4-methyl-1-piperazinyl)propyl]-2-(trifluoromethyl)-10H-phenothiazine | Trifluoperazina | Trifluopérazine | Trifluoperazine | Trifluoperazinum | trifluoromethyl-10-(3'-(1-methyl-4-piperazinyl)propyl)phenothiazine | Trifluoroperazine | Trifluperazine","ZEWQUBUPAILYHI-UHFFFAOYSA-N"
"52","DB00836","APRD00275","Loperamide","loperamide","53179-11-6","6X9OC3H4II","Loperamid | Loperamida | Lopéramide | Loperamide | Loperamidum","RDOIQAHITMMDAJ-UHFFFAOYSA-N"
"53","DB00843","APRD00039","Donepezil","donepezil","120014-06-4","8SSC91326P","Domepezil | Donepezil | Donepezilo | Donepezilum","ADEBPBSSDYVVLD-UHFFFAOYSA-N"
"54","DB00857","APRD00508","Terbinafine","terbinafine","91161-71-6","G7RIW8S0XP","(E)-N-(6,6-Dimethyl-2-hepten-4-ynyl)-N-methyl-1-naphthalene methanamine | (E)-N-(6,6-Dimethyl-2-hepten-4-ynyl)-N-methyl-1-naphthalenemethylamine | Terbinafina | Terbinafine | Terbinafinum","DOMXUEMWDBAQBQ-WEVVVXLNSA-N"
"55","DB00864","APRD00276 | EXPT01437","Tacrolimus","tacrolimus","104987-11-3","Y5L2157C4J","Anhydrous tacrolimus | Tacrolimus | Tacrolimus anhydrous | Tacrolimus, anhydrous","QJJXYPPXXYFBGM-LFZNUXCKSA-N"
"56","DB00875","APRD00388","Flupentixol","flupentixol","2709-56-0","FA0UYH6QUO","Flupenthixol | Flupenthixole | Flupentixol | Flupentixolo | Flupentixolum","NJMYODHXAKYRHW-DVZOWYKESA-N"
"57","DB00882","APRD00880","Clomifene","clomifene","911-45-5","1HRS458QU2","2-(4-(2-chloro-1,2-diphenylethenyl)phenoxy)-N,N-diethylethanamine | 2-(p-(2-chloro-1,2-diphenylvinyl)phenoxy)triethylamine | 2-(p-(β-chloro-α-phenylstyryl)phenoxy)triethylamine | Clomifene | Clomifeno | Clomifenum | Clomiphene","GKIRPKYJQBWNGO-UHFFFAOYSA-N"
"58","DB00915","APRD00787","Amantadine","amantadine","768-94-5","BF4C9Z1J53","1-adamantanamine | 1-adamantylamine | 1-aminoadamantane | Amantadina | Amantadine | Amantadinum | Amantidine | Aminoadamantane","DKNWSYNQZKUICI-UHFFFAOYSA-N"
"59","DB00983","APRD00641","Formoterol","formoterol","73573-87-2","5ZZ84GCW8B","2'-hydroxy-5'-(1-hydroxy-2-((p-methoxy-α-methylphenethyl)amino)ethyl)formanilide | 2'-hydroxy-5'-{1-hydroxy-2-[(p-methoxy-α-methylphenethyl)amino]ethyl}formanilide | Formoterol | Formoterolum | N-[2-hydroxy-5-(1-hydroxy-2-{[2-(4-methoxyphenyl)-1-methylethyl]amino}ethyl)phenyl]formamide","BPZSYCZIITTYBL-UHFFFAOYSA-N"
"60","DB00985","APRD00924","Dimenhydrinate","dimenhydrinate","523-87-5","JB937PER5C","(O-benzhydryl(dimethylamino)ethanol) 8-chlorotheophyllinate | 8-chloro-1,3-dimethyl-3,7-dihydro-1H-purine-2,6-dione - 2-(diphenylmethoxy)-N,N-dimethylethanamine (1:1) | Benzhydryl-β-dimethylaminoethylether 8-chlorotheophylline | Dimenhidrinato | Dimenhydrinate | Dimenhydrinatum | diphenhydramine 8-chlorotheophyllinate | diphenhydramine 8-chlorotheophylline | Diphenhydramine theoclate | N,N-dimethyl-2-diphenylmethoxyethylamine 8-chlorotheophyllinate | O-benzhydryldimethylaminoethanol 8-chlorotheophyllinate | β-dimethylaminoethyl benzhydryl ether 1,3-dimethyl-8-chloroxanthine","NFLLKCVHYJRNRH-UHFFFAOYSA-N"
"61","DB01024","APRD01603 | EXPT02208","Mycophenolic acid","mycophenolic acid","24280-93-1","HU9DX48N0T","(e)-6-(4-Hydroxy-6-methoxy-7-methyl-3-oxo-5-phthalanyl)-4-methyl-4-hexenoic acid | Acide mycophenolique | Acido micofenolico | Acidum mycophenolicum | Micofenolico acido | Mycophenolate | Mycophenolic acid | Mycophenolsäure","HPNSFSBZBAHARI-RUDMXATFSA-N"
"62","DB01030","APRD00687","Topotecan","topotecan","123948-87-8","7M7YKX2N15","9-[(dimethylamino)methyl]-10-hydroxy-(4S)-camptothecin | Topotecan | Topotecane | Topotecanum","UCFGDBYHRUNTLO-QHCPKHFHSA-N"
"63","DB01062","APRD00427","Oxybutynin","oxybutynin","5633-20-5","K9P6MC7092","4-(Diethylamino)-2-butynyl alpha-phenylcyclohexaneglycolic acid ester | 4-Diethylamino-2-butinyl alpha-cyclohexylmandelat | 4-Diethylamino-2-butynyl alpha-phenylcyclohexaneglycolate | Oxibutinina | Oxybutynin | Oxybutynine | Oxybutyninum","XIQVNETUBQGFHX-UHFFFAOYSA-N"
"64","DB01069","APRD00601","Promethazine","promethazine","60-87-7","FF28EJQ494","(2-dimethylamino-2-methyl)ethyl-N-dibenzoparathiazine | 10-(2-Dimethylaminopropyl)phenothiazine | 10-[2-(dimethylamino)propyl]phenothiazine | N-(2'-dimethylamino-2'-methyl)ethylphenothiazine | N,N,alpha-trimethyl-10H-phenothiazine-10-ethanamine | N,N,α-trimethyl-10H-phenothiazine-10-ethanamine | Proazamine | Prometazina | Promethazine | Promethazinum","PWWVAXIEGOYWEE-UHFFFAOYSA-N"
"65","DB01087","APRD00604","Primaquine","primaquine","90-34-6","MVR3634GX1","6-Methoxy-8-(4-amino-1-methylbutylamino)quinoline | 8-((4-Amino-1-methylbutyl)amino)-6-methoxyquinoline | 8-(4-Amino-1-methylbutylamino)-6-methoxyquinoline | Primachin | Primachina | Primachinum | Primaquin | Primaquina | Primaquine | Primaquinum","INDBQLZJXZLFIT-UHFFFAOYSA-N"
"66","DB01100","APRD00218","Pimozide","pimozide","2062-78-4","1HIZ4DL86F","Pimozida | Pimozide | Pimozidum","YVUQSNJEYSNKRX-UHFFFAOYSA-N"
"67","DB01104","APRD00175 | DB08567","Sertraline","sertraline","79617-96-2","QUC7NX6WMB","(+)-Sertraline | (1S-cis)-1,2,3,4-tetrahydro-4-(3,4-dichlorophenyl)-N-methyl-1-naphthalenamine | (1S,4S)-sertraline | cis-(+)-sertraline | Sertralina | Sertraline | Sertralinum","VGKDLMBJGBXTGI-SJCJKPOMSA-N"
"68","DB01118","APRD00288","Amiodarone","amiodarone","1951-25-3","N3RQ532IUT","2-Butyl-3-(3,5-diiodo-4-(2-diethylaminoethoxy)benzoyl)benzofuran | 2-Butyl-3-benzofuranyl 4-(2-(diethylamino)ethoxy)-3,5-diiodophenyl ketone | 2-n-Butyl-3',5'-diiodo-4'-N-diethylaminoethoxy-3-benzoylbenzofuran | Amiodarona | Amiodarone | Amiodaronum","IYIKLHRQXLHMJQ-UHFFFAOYSA-N"
"69","DB01139","APRD00860","Cefapirin","cefapirin","21593-23-7","89B59H32VN","(6R,7R)-3-(acetoxymethyl)-8-oxo-7-{[(pyridin-4-ylsulfanyl)acetyl]amino}-5-thia-1-azabicyclo[4.2.0]oct-2-ene-2-carboxylic acid | Cefapirin | Cefapirina | Cefapirine | Cefapirinum | Cefaprin | Cephapirin | Cephapirine | CEPR","UQLLWWBDSUHNEB-CZUORRHYSA-N"
"70","DB01142","APRD00398","Doxepin","doxepin","1668-19-5","5ASJ6HUZ7D","Doxepin | Doxepina | Doxepinum","ODQWQRRAPPTVAG-UHFFFAOYSA-N"
"71","DB01191","APRD00648","Dexfenfluramine","dexfenfluramine","3239-44-9","E35R3G56OV","(+)-fenfluramine | (S)-fenfluramine | (S)-N-ethyl-1-[3-(trifluoromethyl)phenyl]propan-2-amine | d-N-ethyl-α-methyl-m-trifluoromethylphenethylamine | Dexfenfluramina | Dexfenfluramine | Dexfenfluraminum | Dextrofenfluramine","DBGIVFWFUFKIQN-VIFPVBQESA-N"
"72","DB01204","APRD00371","Mitoxantrone","mitoxantrone","65271-80-9","BZ114NVM5P","1,4-Bis(2-(2-hydroxyethylamino)ethyl)amino)-5,8-dihydroxyanthraquinone | Mitoxantrona | Mitoxantrone | Mitoxantronum","KKZJGLLVHKMTCM-UHFFFAOYSA-N"
"73","DB01210","APRD00165","Levobunolol","levobunolol","47141-42-4","G6317AOI7K","(-)-Bunolol | (S)-5-(3-((1,1-dimethylethyl)amino)-2-hydroxypropoxy)-3,4-dihydro-1(2H)-naphthalenone | Levobunolol | Levobunololum","IXHBTMCLRNMKHZ-LBPRGKRZSA-N"
"74","DB01224","APRD00675","Quetiapine","quetiapine","111974-69-7","BGL0JSY5SI","2-[2-(4-Dibenzo[b,f][1,4]thiazepin-11-yl-1-piperazinyl)ethoxy]ethanol | Quetiapina | Quetiapine | Quétiapine | Quetiapinum","URKOMYMAXPYINW-UHFFFAOYSA-N"
"75","DB01231","APRD00929","Diphenidol","diphenidol","972-02-1","NQO8R319LY","alpha,alpha-Diphenyl-1-piperidinebutanol | Difenidol | Difénidol | Difenidolo | Difenidolum | Diphenidol | Diphenyl(3-(1-piperidyl)propyl)carbinol","OGAKLTJNUQRZJU-UHFFFAOYSA-N"
"76","DB01242","APRD00253 | DB07600","Clomipramine","clomipramine","303-49-1","NUV44L116D","3-(3-chloro-10,11-dihydro-5H-dibenzo[b,f]azepin-5-yl)-N,N-dimethyl-1-propanamine | 3-(3-chloro-5H-dibenzo[b,F]azepin-5-yl)-N,N-dimethylpropan-1-amine | 3-Chloroimipramine | Chlorimipramine | Clomipramina | Clomipramine | Clomipraminum | Monochlorimipramine","GDLIGKIOYRNHDA-UHFFFAOYSA-N"
"77","DB01248","APRD00932","Docetaxel","docetaxel","114977-28-5","699121PHCA","Docetaxel | Docetaxel anhydrous | N-Debenzoyl-N-(tert-butoxycarbonyl)-10-deacetylpaclitaxel | N-Debenzoyl-N-(tert-butoxycarbonyl)-10-deacetyltaxol | TXL","ZDZOTLJHXYCWBA-VCVYQWHSSA-N"
"78","DB01254","","Dasatinib","dasatinib","302962-49-8","X78UG0A0RN","anh. dasatinib | Anhydrous dasatinib | BMS dasatinib | Dasatinib | Dasatinib (anh.) | dasatinib (anhydrous) | Dasatinib anhydrous | Dasatinibum | N-(2-CHLORO-6-methylphenyl)-2-({6-[4-(2-hydroxyethyl)piperazin-1-yl]-2-methylpyrimidin-4-yl}amino)-1,3-thiazole-5-carboxamide","ZBNZXTGUTAYRHI-UHFFFAOYSA-N"
"79","DB01259","DB02584","Lapatinib","lapatinib","231277-92-2","0VUA21238F","Lapatinib | N-(3-chloro-4-((3-fluorophenyl)methoxy)phenyl)-6-(5-(((2-(methylsulfonyl)ethyl)amino)methyl)-2-furanyl)-4-quinazolinamine","BCFGMOOMADDAQU-UHFFFAOYSA-N"
"80","DB01268","DB07417","Sunitinib","sunitinib","557795-19-4","V99T50803M","Sunitinib | Sunitinibum","WINHZLLDWRZWRT-ATVHPVEESA-N"
"81","DB01396","","Digitoxin","digitoxin","71-63-6","E90NZP2L9U","Digitoksin | Digitoxin | Digitoxina | Digitoxine | Digitoxinum | Digitoxoside","WDJUZGPOPHTGOT-XUDUSOBPSA-N"
"82","DB01618","","Molindone","molindone","7416-34-4","RT3Y3QMF8N","(+/-)-molindone | Molindona | Molindone | Molindonum","KLPWJLBORRMFGK-UHFFFAOYSA-N"
"83","DB02546","EXPT02902","Vorinostat","vorinostat","149647-78-9","58IFB293JI","Octanedioic acid hydroxyamide phenylamide | SAHA | SHH | Suberanilohydroxamic acid | Suberoylanilide hydroxamic acid | Vorinostat | Vorinostatum","WAEXFXRVDQXREF-UHFFFAOYSA-N"
"84","DB04216","EXPT02732","Quercetin","quercetin","117-39-5","9IKM0I5T1E","2-(3,4-dihydroxyphenyl)-3,5,7-trihydroxy-4H-1-benzopyran-4-one | 3,3',4',5,7-pentahydroxyflavone | 3,5,7,3',4'-Pentahydroxyflavone | Sophoretin | Xanthaurine","REFJWTPEDVJJIY-UHFFFAOYSA-N"
"85","DB04813","","Bithionol","bithionol","97-18-7","AMT77LS62O","2-Hydroxy-3,5-dichlorophenyl sulfide | 2-Hydroxy-3,5-dichlorophenyl sulphide | 2,2'-Dihydroxy-3,3',5,5'-tetrachlorodiphenyl sulfide | 2,2'-Dihydroxy-3,3',5,5'-tetrachlorodiphenylsulfide | 2,2'-sulfanediylbis(4,6-dichlorophenol) | 2,2'-Thiobis(4,6-dichlorophenol) | Bis(3,5-dichloro-2-hydroxyphenyl) sulfide | Bithionol | Bithionol sulfide | Bithionolate | Bithionolum | Bitionol","JFIOVJDNOJYLKP-UHFFFAOYSA-N"
"86","DB04841","","Flunarizine","flunarizine","52468-60-7","R7PLA2DM0J","1-[bis(4-fluorophenyl)methyl]-4-[(2E)-3-phenylprop-2-en-1-yl]piperazine | Flunarizina | Flunarizine | Flunarizinum","SMANXXCATUTDDT-QPJJXVBHSA-N"
"87","DB04946","","Iloperidone","iloperidone","133454-47-4","VPO7KJ050N","1-[4-[3-[4-(6-fluoro-1,2-benzisoxazol-3-yl)-1- piperidinyl]propoxy]-3-methoxyphenyl]ethanone | 4'-(3-(4-(6-fluoro-1,2-benzisoxazol-3-yl)piperidino)propoxy)-3'-methoxyacetophenone | Iloperidona | Ilopéridone | Iloperidone | Iloperidonum","XMXHEBAFVSFQEX-UHFFFAOYSA-N"
"88","DB05015","","Belinostat","belinostat","866323-14-0","F4H96P17NZ","Belinostat","NCNRHFGMJRPRSK-MDZDMXLPSA-N"
"89","DB05018","","Migalastat","migalastat","108147-54-2","C4XNY919FW","1-Deoxygalactonojirimycin | 1-Deoxygalactostatin | Migalastat","LXBIFEVIBLOUGU-DPYQTVNSSA-N"
"90","DB05109","","Trabectedin","trabectedin","114899-77-3","ID0YZQ2TCP","Ecteinascidin 743 | Trabectedin | Trabectedina","PKVRCIRHQMSYJX-AIFWHQITSA-N"
"91","DB05294","DB08764","Vandetanib","vandetanib","443913-73-3","YO460OQ37K","N-(4-Bromo-2-fluorophenyl)-6-methoxy-7-((1-methyl-4-piperidinyl)methoxy)-4-quinazolinamine | N-(4-Bromo-2-fluorophenyl)-6-methoxy-7-((1-methylpiperidin-4-yl)methoxy)quinazolin-4-amine | Vandetanib","UHTHHESEBZOYNR-UHFFFAOYSA-N"
"92","DB05521","","Telaprevir","telaprevir","402957-28-2","655M5O3W0U","(1S,3aR,6aS)-(2S)-2-cyclohexyl-N-(pyrazinylcarbonyl)glycyl-3-methyl-L-valyl-N-((1S)-1-((cyclopropylamino)oxoacetyl)butyl)octahydrocyclopenta(c)pyrrole-1-carboxamide | Telaprevir","BBAWEDCPNXPBQM-GDEBMMAJSA-N"
"93","DB06176","","Romidepsin","romidepsin","128517-07-7","CX3T89XQBK","Romidepsin | Romidepsina | Romidepsine | Romidepsinum","OHRURASPPZQGQM-GCCNXGTGSA-N"
"94","DB06264","","Tolperisone","tolperisone","728-88-1","F5EOM0LD8E","","FSKFPVLPFLJRQB-UHFFFAOYSA-N"
"95","DB06589","","Pazopanib","pazopanib","444731-52-6","7RN5DR86CK","Pazopanib | Pazopanibum","CUIHSIWYWATEQL-UHFFFAOYSA-N"
"96","DB06603","","Panobinostat","panobinostat","404950-80-7","9647FM7Y3Z","(2E)-N-hydroxy-3-[4-({[2-(2-methyl-1H-indol-3-yl)ethyl]amino}methyl)phenyl]acrylamide | Panobinostat","FPOHNWQLNRZRFC-ZHACJKMWSA-N"
"97","DB06616","","Bosutinib","bosutinib","380843-75-4","5018V4AEZ0","4-((2,4-dichloro-5-methoxyphenyl)amino)-6-methoxy-7-(3-(4-methyl-1-piperazinyl)propoxy)-3-quinolinecarbonitrile | Bosutinib","UBPYILGKFZZVDX-UHFFFAOYSA-N"
"98","DB06626","","Axitinib","axitinib","319460-85-0","C9LVQ0YUXG","Axitinib | Axitinibum","RITAVMQDGBJQJZ-FMIVXFBMSA-N"
"99","DB06691","","Mepyramine","mepyramine","91-84-9","HPE317O9TL","Mepiramina | Mepyramine | N-(p-methoxybenzyl)-N',N'-dimethyl-N-(α-pyridyl)ethylenediamine | N-[(4-methoxyphenyl)methyl]-N',N'-dimethyl-N-2-pyridinyl-1,2-ethanediamine | N',N'-dimethyl-N-(p-methoxybenzyl)-N-(2-pyridyl)ethylenediamine | Pyranisamine | Pyrilamine","YECBIJXISLIIDS-UHFFFAOYSA-N"
"100","DB06769","","Bendamustine","bendamustine","16506-27-7","9266D9P3PQ","Bendamustina | Bendamustine | Ribomustine","YTKUWDBFDASYHO-UHFFFAOYSA-N"
"101","DB08865","DB08700","Crizotinib","crizotinib","877399-52-5","53AH36668S","(R)-crizotinib | Crizotinib | Crizotinibum","KTEIFNKAUNYNJU-GFCCVEGCSA-N"
"102","DB08871","DB04940","Eribulin","eribulin","253128-41-5","LR24G6354G","Eribulin | Eribulina","UFNVPOGXISZXJD-WVMZDRIUSA-N"
"103","DB08873","DB05665","Boceprevir","boceprevir","394730-60-0","89BT58KELH","Boceprevir","LHHCSNFAOIFYRV-DOVBMPENSA-N"
"104","DB08877","DB06164","Ruxolitinib","ruxolitinib","941678-49-5","82S8X8XX8H","Ruxolitinib","HFNKQEVNSGCOJV-OAHLLOKOSA-N"
"105","DB08885","","Aflibercept","aflibercept","862111-32-8","15C2VL427D","Aflibercept | Aflibercept (genetical recombination) | Ziv-aflibercept",""
"106","DB08901","DB06300","Ponatinib","ponatinib","943319-70-8","4340891KFS","Ponatinib | Ponatinibum","PHXJVRSECIGDHY-UHFFFAOYSA-N"
"107","DB08916","","Afatinib","afatinib","850140-72-6","41UD74L59M","Afatinib | Afatinibum","ULXXDDBFHOBEHA-CWDCEQMOSA-N"
"108","DB08954","","Ifenprodil","ifenprodil","23210-56-2","R8OE3P6O5S","","UYNVMODNBIQBMV-UHFFFAOYSA-N"
"109","DB08992","","Eperisone","eperisone","64840-90-0","2M2P0551D3","(2RS)-1-(4-ethylphenyl)-2-methyl-3-(1-piperidyl)propan-1-one | Eperison | Eperisona | Eperisone | Epérisone | Eperisonum","SQUNAWUMZGQQJD-UHFFFAOYSA-N"
"110","DB09019","","Bromhexine","bromhexine","3572-43-8","Q1J152VB1P","3,5-dibromo-N(alpha)-cyclohexyl-N(alpha)-methyltoluene-alpha-2-diamine | Bromexina | Bromhexina | Bromhexine | Bromhexinum | N-cyclohexyl-N-methyl-(2-amino-3,5-dibrombenzyl)amine","OJGDCBLYJGHCIH-UHFFFAOYSA-N"
"111","DB09033","DB05802","Vedolizumab","vedolizumab","943609-66-3","9RV78Q2002","",""
"112","DB09053","","Ibrutinib","ibrutinib","936563-96-1","1X70OSD4VX","1-[(3R)-3-[4-Amino-3-(4-phenoxyphenyl)-1H-pyrazolo[3,4-d]pyrimidin-1-yl]piperidin-1-yl]prop-2-en-1-one | Ibrutinib","XYFPWWZEPKGCCK-GOSISDBHSA-N"
"113","DB09063","","Ceritinib","ceritinib","1032900-25-6","K418KG2GET","Ceritinib | céritinib | N-{2-[(5-chloro-2-{[2-isopropoxy-5-methyl-4-(piperidin-4-yl)phenyl]amino}pyrimidin-4-yl)amino]phenyl}propane-2-sulfonamide","VERWOWGGCGHDQE-UHFFFAOYSA-N"
"114","DB09079","","Nintedanib","nintedanib","656247-17-5","G6HRD2P839","methyl (3Z)-3-[(4-{methyl[(4-methylpiperazin-1-yl)acetyl]amino}anilino)(phenyl)methylidene]-2-oxo-2,3-dihydro-1H-indole-6-carboxylate | Nintedanib","XZXHXSATPCNXJR-ZIADKAODSA-N"
"115","DB09085","","Tetracaine","tetracaine","94-24-6","0619F35CGV","2-(dimethylamino)ethyl 4-(butylamino)benzoate | 2-(Dimethylamino)ethyl p-(butylamino)benzoate | Amethocaine | Amethocaine HCl | Diäthylaminoäthanol ester der p-butylaminobenzösäure | Dicaine | Medihaler-Tetracaine | Metraspray | p-(butylamino)benzoic acid β-(dimethylamino)ethyl ester  | p-Butylaminobenzoyl-2-dimethylaminoethanol | Tetracaína | Tetracaine | Tétracaïne | Tetracaine HCl","GKCBAIGFKIBETG-UHFFFAOYSA-N"
"116","DB09223","","Blonanserin","blonanserin","132810-10-7","AQ316B4F8C","","XVGOZDAJGBALKS-UHFFFAOYSA-N"
"117","DB09330","","Osimertinib","osimertinib","1421373-65-0","3C06JJ0Z2O","Mereletinib | N-(2-{[2-(dimethylamino)ethyl](methyl)amino}-4-methoxy-5-{[4-(1-methyl-1H-indol-3-yl)pyrimidin-2-yl]amino}phenyl)prop-2-enamide | Osimertinib | Osimertinibum","DUYJMQONPNNFPI-UHFFFAOYSA-N"
"118","DB09345","","Pramocaine","pramocaine","140-65-8","068X84E056","Pramocaína | Pramocaine | Pramoxine","DQKXQSGTHWVTAD-UHFFFAOYSA-N"
"119","DB11186","","Pentoxyverine","pentoxyverine","77-23-6","32C726X12W","Carbetapentane","CFJMRBQWBDQYMK-UHFFFAOYSA-N"
"120","DB11490","","Nalorphine","nalorphine","62-67-9","U59WB2WRY2","Nalorfina | Nalorphinum","UIQMVEYFGZJHCZ-SSTWWWIQSA-N"
"121","DB11504","","Caramiphen","caramiphen","77-22-5","97J7NP0XJY","Caramifenio | Caramiphen | Caramiphenum","OFAIGZWCDGNZGT-UHFFFAOYSA-N"
"122","DB11581","","Venetoclax","venetoclax","1257044-40-8","N54AIC43PW","4-{4-[(4'-chloro-5,5-dimethyl[3,4,5,6-tetrahydro[1,1'-biphenyl]]-2-yl)methyl]piperazin-1-yl}-N-(3-nitro-4-{[(oxan-4-yl)methyl]amino}benzene-1-sulfonyl)-2-[(1H-pyrrolo[2,3-b]pyridin-5-yl)oxy]benzamide | Venetoclax","LQBVNQSMGBZMKD-UHFFFAOYSA-N"
"123","DB11632","","Opicapone","opicapone","923287-50-7","Y5929UIJ5N","Opicapona | Opicapone","ASOADIZOVZTJSR-UHFFFAOYSA-N"
"124","DB11675","","Mosapride","mosapride","112885-41-3","I8MFJ1C0BY","","YPELFRMCRYSPKZ-UHFFFAOYSA-N"
"125","DB11737","","Icotinib","icotinib","610798-31-7","9G6U5L461Q","BPI-2009","QQLKULDARVNMAL-UHFFFAOYSA-N"
"126","DB11742","","Ebastine","ebastine","90729-43-4","TQD7Q784P1","Ebastina","MJJALKDDGIKVBE-UHFFFAOYSA-N"
"127","DB11776","","Brodalumab","brodalumab","1174395-19-7","6ZA31Y954Z","",""
"128","DB11829","","Ruboxistaurin","ruboxistaurin","169939-94-0","721809WQCP","","ZCBUQCWBWNUWSU-SFHVURJKSA-N"
"129","DB12319","","Benzbromarone","benzbromarone","3562-84-3","4POG0RL69O","2-ethyl-3-(3,5-dibrom-4-hydroxybenzoyl)benzofuran | 3,5-dibromo-4-hydroxyphenyl-2-ethyl-3-benzofuranyl ketone | Benzbromarona","WHQCHUCQKNIQEC-UHFFFAOYSA-N"
"130","DB12401","","Bromperidol","bromperidol","10457-90-6","LYH6F7I22E","","RKLNONIVDFXQRX-UHFFFAOYSA-N"
"131","DB12465","","Ketanserin","ketanserin","74050-98-9","97F9DE4CT4","Ketanserin | ketanserina","FPCCSQOGAWCVBH-UHFFFAOYSA-N"
"132","DB12930","","Opipramol","opipramol","315-72-0","D23ZXO613C","","YNZFUWZUGRBMHL-UHFFFAOYSA-N"
"133","DB13044","","Gossypol","gossypol","303-45-7","8DY2X8LXW4","","QBKSWRVVCFFDOT-UHFFFAOYSA-N"
"134","DB13164","","Olmutinib","olmutinib","1353550-13-6","CHL9B67L95","","FDMQDKQUTRLUBU-UHFFFAOYSA-N"
"135","DB13285","","Etilamfetamine","etilamfetamine","457-87-4","022YON1XMX","","YAGBSNMZQKEFCO-UHFFFAOYSA-N"
"136","DB13340","","Suloctidil","suloctidil","54767-75-8","XV1N1XY17K","","BFCDFTHTSVTWOG-PXNSSMCTSA-N"
"137","DB13445","","Nepinalone","nepinalone","22443-11-4","L9806LPR7G","","RVXGRCNWGOHSDE-UHFFFAOYSA-N"
"138","DB13497","","Valethamate","valethamate","16376-74-2","D64S64QVX7","","UPPMZCXMQRVMME-UHFFFAOYSA-N"
"139","DB13552","","Trifluperidol","trifluperidol","749-13-3","R8869Q7R8I","","GPMXUUPHFNMNDH-UHFFFAOYSA-N"
"140","DB13679","","Dexchlorpheniramine","dexchlorpheniramine","25523-97-1","3Q9Q0B929N","Dexchlorpheniramine | dexclorfeniramina","SOYKEARSMXGVTM-HNNXBMFYSA-N"
